'TRBO0','TRC0','TRE0','TREQ11','Chairs','1998-08-10','12:34:47'
'TRBO0','TRC0','TRE0','TREQ11','Party Hats','1995-10-01','15:00:09'
'TRBO0','TRC0','TRE0','TREQ11','Chairs','2010-07-10','03:30:26'
'TRBO0','TRC0','TRE0','TREQ11','Bounce House','2019-04-16','21:54:56'
'TRBO0','TRC0','TRE0','TREQ11','Bounce House','1981-01-25','09:34:30'
'TRBO0','TRC0','TRE0','TREQ11','Bounce House','1997-07-01','16:58:12'
'TRBO0','TRC0','TRE0','TREQ11','Party Hats','2018-09-17','12:05:18'
'TRBO0','TRC0','TRE0','TREQ11','Chairs','1972-12-21','03:51:08'
'TRBO0','TRC0','TRE0','TREQ11','Tent','2001-06-28','14:04:27'
'TRBO0','TRC0','TRE0','TREQ11','Chairs','2013-12-10','10:55:51'
'TRBO0','TRC0','TRE0','TREQ11','Chairs','2006-11-19','00:12:03'
'TRBO0','TRC0','TRE0','TREQ11','Chairs','1972-01-26','12:41:45'
'TRBO0','TRC0','TRE0','TREQ11','Tent','2000-02-18','08:39:37'
'TRBO0','TRC0','TRE0','TREQ11','Tent','2020-11-18','16:22:42'
'TRBO0','TRC0','TRE0','TREQ11','Chairs','1978-05-04','23:48:16'
'TRBO0','TRC0','TRE0','TREQ11','Bounce House','1977-05-28','12:17:42'
'TRBO0','TRC0','TRE0','TREQ11','Tent','1974-05-12','02:38:25'
'TRBO0','TRC0','TRE0','TREQ11','Tent','2005-12-15','10:27:37'
'TRBO0','TRC0','TRE0','TREQ11','Bounce House','2020-02-02','19:21:27'
'TRBO0','TRC0','TRE0','TREQ11','Chairs','1980-04-15','18:14:09'
'TRBO0','TRC0','TRE0','TREQ11','Chairs','2019-09-26','17:26:54'
'TRBO0','TRC0','TRE0','TREQ11','Party Hats','1979-07-04','08:33:45'
'TRBO0','TRC0','TRE0','TREQ11','Chairs','2001-05-13','02:31:04'
'TRBO0','TRC0','TRE0','TREQ11','Party Hats','2016-10-13','14:53:11'
'TRBO0','TRC0','TRE0','TREQ11','Tent','2018-09-05','08:44:15'
'TRBO0','TRC0','TRE0','TREQ11','Tent','2000-11-12','14:40:53'
'TRBO0','TRC0','TRE0','TREQ11','Tent','1990-12-13','01:45:33'
'TRBO0','TRC0','TRE0','TREQ11','Bounce House','1991-04-30','05:59:34'
'TRBO0','TRC0','TRE0','TREQ11','Chairs','2007-02-21','10:36:39'
'TRBO0','TRC0','TRE0','TREQ11','Chairs','1996-09-07','04:26:27'
'TRBO0','TRC0','TRE0','TREQ11','Bounce House','2012-01-22','10:56:37'
'TRBO0','TRC0','TRE0','TREQ11','Chairs','1989-01-13','17:22:03'
'TRBO0','TRC0','TRE0','TREQ11','Bounce House','1993-04-18','18:01:00'
'TRBO0','TRC0','TRE0','TREQ11','Tent','1971-02-28','01:58:49'
'TRBO0','TRC0','TRE0','TREQ11','Bounce House','1974-01-02','20:34:26'
'TRBO0','TRC0','TRE0','TREQ11','Tent','1978-04-26','09:12:30'
'TRBO0','TRC0','TRE0','TREQ11','Party Hats','1982-04-28','18:17:13'
'TRBO0','TRC0','TRE0','TREQ11','Bounce House','1979-12-19','09:09:12'
'TRBO0','TRC0','TRE0','TREQ11','Tent','1982-02-03','14:53:27'
'TRBO0','TRC0','TRE0','TREQ11','Party Hats','2012-06-24','08:07:00'
'TRBO0','TRC0','TRE0','TREQ11','Bounce House','2020-08-29','22:33:03'
'TRBO0','TRC0','TRE0','TREQ11','Chairs','1978-10-26','17:28:12'
'TRBO0','TRC0','TRE0','TREQ11','Tent','2013-07-22','03:57:17'
'TRBO0','TRC0','TRE0','TREQ11','Chairs','2018-06-13','21:30:08'
'TRBO0','TRC0','TRE0','TREQ11','Chairs','1992-11-11','02:45:10'
'TRBO0','TRC0','TRE0','TREQ11','Bounce House','2006-09-21','15:57:02'
'TRBO0','TRC0','TRE0','TREQ11','Party Hats','1987-05-22','04:47:50'
'TRBO0','TRC0','TRE0','TREQ11','Party Hats','2001-04-11','21:27:28'
'TRBO0','TRC0','TRE0','TREQ11','Bounce House','2014-12-23','04:16:18'
'TRBO0','TRC0','TRE0','TREQ11','Chairs','2017-07-26','18:26:01'
'TRBO0','TRC0','TRE0','TREQ11','Chairs','1982-08-04','01:55:17'
'TRBO0','TRC0','TRE0','TREQ11','Bounce House','2016-05-31','09:42:08'
'TRBO0','TRC0','TRE0','TREQ11','Tent','1995-02-18','06:10:02'
'TRBO0','TRC0','TRE0','TREQ11','Bounce House','2010-10-17','08:17:18'
'TRBO0','TRC0','TRE0','TREQ11','Chairs','1989-09-08','08:58:46'
'TRBO0','TRC0','TRE0','TREQ11','Bounce House','1972-12-02','16:42:05'
'TRBO0','TRC0','TRE0','TREQ11','Party Hats','2019-12-31','07:10:47'
'TRBO0','TRC0','TRE0','TREQ11','Tent','1986-11-22','08:14:25'
'TRBO0','TRC0','TRE0','TREQ11','Chairs','1975-10-30','01:34:35'
'TRBO0','TRC0','TRE0','TREQ11','Party Hats','1976-09-09','19:56:28'
'TRBO0','TRC0','TRE0','TREQ11','Party Hats','1982-03-03','15:08:38'
'TRBO0','TRC0','TRE0','TREQ11','Party Hats','2017-01-27','06:01:38'
'TRBO0','TRC0','TRE0','TREQ11','Chairs','1978-10-11','13:23:02'
'TRBO0','TRC0','TRE0','TREQ11','Chairs','2005-07-08','20:31:11'
'TRBO0','TRC0','TRE0','TREQ11','Chairs','1981-06-05','05:48:44'
'TRBO0','TRC0','TRE0','TREQ11','Bounce House','1995-08-29','19:53:39'
'TRBO0','TRC0','TRE0','TREQ11','Party Hats','1991-04-01','11:07:38'
'TRBO0','TRC0','TRE0','TREQ11','Chairs','2008-09-22','03:16:10'
'TRBO0','TRC0','TRE0','TREQ11','Chairs','1971-10-26','15:47:49'
'TRBO0','TRC0','TRE0','TREQ11','Chairs','2019-12-31','22:34:16'
'TRBO0','TRC0','TRE0','TREQ11','Tent','1973-03-10','18:13:28'
'TRBO0','TRC0','TRE0','TREQ11','Party Hats','1999-05-24','20:35:23'
'TRBO0','TRC0','TRE0','TREQ11','Party Hats','2002-05-20','13:32:09'
'TRBO0','TRC0','TRE0','TREQ11','Party Hats','1993-06-06','20:09:11'
'TRBO0','TRC0','TRE0','TREQ11','Party Hats','1993-02-05','05:15:18'
'TRBO0','TRC0','TRE0','TREQ11','Party Hats','1989-07-22','07:54:29'
'TRBO0','TRC0','TRE0','TREQ11','Chairs','1972-07-22','02:05:20'
'TRBO0','TRC0','TRE0','TREQ11','Tent','2001-02-11','06:15:50'
'TRBO0','TRC0','TRE0','TREQ11','Tent','1971-09-29','06:57:10'
'TRBO0','TRC0','TRE0','TREQ11','Chairs','1989-07-06','15:58:21'
'TRBO0','TRC0','TRE0','TREQ11','Tent','2013-06-21','00:44:39'
'TRBO0','TRC0','TRE0','TREQ11','Party Hats','1989-03-13','04:03:01'
'TRBO0','TRC0','TRE0','TREQ11','Bounce House','1991-02-14','03:03:34'
'TRBO0','TRC0','TRE0','TREQ11','Chairs','2014-01-17','08:19:54'
'TRBO0','TRC0','TRE0','TREQ11','Party Hats','1979-10-13','19:23:52'
'TRBO0','TRC0','TRE0','TREQ11','Chairs','1987-09-16','01:17:50'
'TRBO0','TRC0','TRE0','TREQ11','Bounce House','2006-01-16','09:16:26'
'TRBO0','TRC0','TRE0','TREQ11','Party Hats','1985-06-30','22:05:48'
'TRBO0','TRC0','TRE0','TREQ11','Tent','2002-01-18','16:18:49'
'TRBO0','TRC0','TRE0','TREQ11','Tent','1989-07-25','21:37:21'
'TRBO0','TRC0','TRE0','TREQ11','Party Hats','1973-04-26','12:53:37'
'TRBO0','TRC0','TRE0','TREQ11','Chairs','1998-06-11','23:30:28'
'TRBO0','TRC0','TRE0','TREQ11','Tent','1970-07-09','18:32:04'
'TRBO0','TRC0','TRE0','TREQ11','Party Hats','1984-01-11','04:53:03'
'TRBO0','TRC0','TRE0','TREQ11','Bounce House','1981-10-09','18:56:17'
'TRBO0','TRC0','TRE0','TREQ11','Party Hats','2011-01-13','20:14:51'
'TRBO0','TRC0','TRE0','TREQ11','Tent','2008-07-06','19:10:38'
'TRBO0','TRC0','TRE0','TREQ11','Party Hats','1994-07-02','11:45:29'
'TRBO0','TRC0','TRE0','TREQ11','Party Hats','2011-05-08','05:34:25'
'TRBO0','TRC0','TRE0','TREQ11','Party Hats','2013-01-03','21:41:44'
'TRBO0','TRC0','TRE0','TREQ11','Bounce House','2010-01-26','08:46:48'
'TRBO0','TRC0','TRE0','TREQ11','Bounce House','2003-08-08','11:59:29'
'TRBO0','TRC0','TRE0','TREQ11','Party Hats','2005-01-26','01:16:21'
'TRBO0','TRC0','TRE0','TREQ11','Bounce House','1996-06-01','08:29:53'
'TRBO0','TRC0','TRE0','TREQ11','Chairs','2003-07-30','18:23:54'
'TRBO0','TRC0','TRE0','TREQ11','Bounce House','1974-10-28','13:50:48'
'TRBO0','TRC0','TRE0','TREQ11','Tent','1970-10-22','15:50:50'
'TRBO0','TRC0','TRE0','TREQ11','Bounce House','1971-02-23','12:03:47'
'TRBO0','TRC0','TRE0','TREQ11','Chairs','2006-05-16','08:13:14'
'TRBO0','TRC0','TRE0','TREQ11','Party Hats','1972-06-08','13:10:37'
'TRBO0','TRC0','TRE0','TREQ11','Chairs','1985-01-16','16:18:40'
'TRBO0','TRC0','TRE0','TREQ11','Chairs','2020-01-02','01:20:19'
'TRBO0','TRC0','TRE0','TREQ11','Bounce House','1978-10-29','01:41:51'
'TRBO0','TRC0','TRE0','TREQ11','Chairs','2008-10-14','15:22:45'
'TRBO0','TRC0','TRE0','TREQ11','Tent','1975-12-27','01:23:50'
'TRBO0','TRC0','TRE0','TREQ11','Bounce House','1972-02-14','11:33:21'
'TRBO0','TRC0','TRE0','TREQ11','Party Hats','2011-12-12','19:08:35'
'TRBO0','TRC0','TRE0','TREQ11','Party Hats','2013-12-08','17:42:39'
'TRBO0','TRC0','TRE0','TREQ11','Bounce House','1975-09-06','10:40:22'
'TRBO0','TRC0','TRE0','TREQ11','Tent','1988-10-29','10:01:59'
'TRBO0','TRC0','TRE0','TREQ11','Chairs','1973-01-28','01:59:31'
'TRBO0','TRC0','TRE0','TREQ11','Tent','1989-12-07','08:55:15'
'TRBO0','TRC0','TRE0','TREQ11','Tent','2015-12-12','17:10:22'
'TRBO0','TRC0','TRE0','TREQ11','Bounce House','2004-09-08','03:21:11'
'TRBO0','TRC0','TRE0','TREQ11','Bounce House','1975-12-17','03:33:26'
'TRBO0','TRC0','TRE0','TREQ11','Tent','1977-10-22','03:49:13'
'TRBO0','TRC0','TRE0','TREQ11','Chairs','1976-11-30','04:43:44'
'TRBO0','TRC0','TRE0','TREQ11','Tent','2008-06-09','17:19:54'
'TRBO0','TRC0','TRE0','TREQ11','Bounce House','2002-11-12','18:44:05'
'TRBO0','TRC0','TRE0','TREQ11','Chairs','2012-12-25','15:28:09'
'TRBO0','TRC0','TRE0','TREQ11','Chairs','1985-12-28','12:25:34'
'TRBO0','TRC0','TRE0','TREQ11','Tent','2010-06-07','04:36:21'
'TRBO0','TRC0','TRE0','TREQ11','Party Hats','1975-01-07','07:29:33'
'TRBO0','TRC0','TRE0','TREQ11','Bounce House','2017-12-02','16:24:07'
'TRBO0','TRC0','TRE0','TREQ11','Tent','1986-03-19','08:45:13'
'TRBO0','TRC0','TRE0','TREQ11','Tent','1988-05-13','15:18:56'
'TRBO0','TRC0','TRE0','TREQ11','Party Hats','2007-04-07','08:04:20'
'TRBO0','TRC0','TRE0','TREQ11','Tent','2004-03-27','15:55:53'
'TRBO0','TRC0','TRE0','TREQ11','Party Hats','1981-12-04','21:38:38'
'TRBO0','TRC0','TRE0','TREQ11','Tent','1979-12-30','05:33:57'
'TRBO0','TRC0','TRE0','TREQ11','Bounce House','1970-03-12','10:26:32'
'TRBO0','TRC0','TRE0','TREQ11','Chairs','1975-10-21','23:09:01'
'TRBO0','TRC0','TRE0','TREQ11','Bounce House','1986-07-22','04:07:50'
'TRBO0','TRC0','TRE0','TREQ11','Chairs','1976-12-08','19:39:55'
'TRBO0','TRC0','TRE0','TREQ11','Party Hats','2008-06-06','02:05:27'
'TRBO0','TRC0','TRE0','TREQ11','Bounce House','2010-11-18','19:20:27'
'TRBO0','TRC0','TRE0','TREQ11','Tent','1983-11-17','14:13:57'
'TRBO0','TRC0','TRE0','TREQ11','Party Hats','2017-06-01','06:10:26'
'TRBO0','TRC0','TRE0','TREQ11','Chairs','1975-07-21','17:23:01'
'TRBO0','TRC0','TRE0','TREQ11','Tent','1986-04-27','22:51:41'
