'TRE1','Tracey','Peterson','2010-05-02','935 W. Depot St.Fort Wayne IN 46804','858-682-4261x7114','M','davisderrick@king-fuller.com'
'TRE2','Kimberly','Fischer','1988-06-15','935 W. Depot St.Fort Wayne IN 46804','(779)885-6356x395','M','janderson@hotmail.com'
'TRE3','Catherine','Jennings','1973-09-27','30 Knutsford Blvd','001-502-261-1248x502','M','vjones@gmail.com'
'TRE4','Michelle','Martin','1974-08-26','14a Lady Musgrave Rd Kingston 5','(965)855-5084','F','richardstevenson@yahoo.com'
'TRE5','Krista','Lane','1983-04-18','52 Grenada Cres Kingston 5','874-039-2680x1897','F','mary78@knight.biz'
'TRE6','Lindsay','Gomez','2001-12-05','136 W. Southampton Lane Shakopee MN 55379','5564191610','M','christopherdecker@meadows-anderson.com'
'TRE7','Jennifer','Chavez','2012-01-21','21 Mannings Hill Rd Kingston 8','+1-543-637-1442x9604','M','lancehayes@yahoo.com'
'TRE8','Catherine','Lopez','1983-03-17','1a Gretna Green Ave Kingston 11','811.591.0595','M','rhendrix@gmail.com'
'TRE9','Cheryl','Robinson','1977-03-05',' 16 Tangerine Pl Kingston 10','001-876-545-0133','M','jthomas@yahoo.com'
'TRE10','Sandra','Williams','2011-09-02','9602 Roehampton Ave. Forney TX 75126','678-037-6741','M','aschwartz@taylor.com'
